City_ID,City,Country,Date,Lat,Lng,Max Temp,Humidity,Cloudiness,Wind Speed
0,Alice Springs,AU,2022-04-05 02:17:20,-23.7,133.8833,87.35,12,1,10.36
1,Tamandare,BR,2022-04-05 02:17:21,-8.7597,-35.1047,77.31,80,12,4.74
2,Namibe,AO,2022-04-05 02:17:23,-15.1961,12.1522,68.04,82,29,6.46
3,Ushuaia,AR,2022-04-05 02:17:24,-54.8,-68.3,35.26,93,100,17.27
4,Khash,IR,2022-04-05 02:17:24,28.2211,61.2158,61.59,22,31,1.59
5,Viedma,AR,2022-04-05 02:17:25,-40.8135,-62.9967,59.07,38,10,13.38
6,Teya,RU,2022-04-05 02:17:25,60.3778,92.6267,26.83,95,100,5.7
7,Fernley,US,2022-04-05 02:17:26,39.608,-119.2518,61.75,34,100,8.01
8,Rikitea,PF,2022-04-05 02:17:26,-23.1203,-134.9692,78.33,64,46,11.54
9,Chuy,UY,2022-04-05 02:17:27,-33.6971,-53.4616,55.08,63,0,4.88
10,Cape Town,ZA,2022-04-05 02:15:04,-33.9258,18.4232,60.28,90,75,10.36
11,Barrow,US,2022-04-05 02:17:27,71.2906,-156.7887,-5.78,65,100,16.11
12,Punta Arenas,CL,2022-04-05 02:15:00,-53.15,-70.9167,37.51,81,75,26.46
13,Hilo,US,2022-04-05 02:13:06,19.7297,-155.09,76.73,79,75,5.75
14,Tezu,IN,2022-04-05 02:17:28,27.9167,96.1667,67.03,89,100,4.74
15,Jamestown,US,2022-04-05 02:17:29,42.097,-79.2353,41.18,52,100,5.75
16,Nelson Bay,AU,2022-04-05 02:17:29,-32.7167,152.15,77.05,61,0,8.86
17,Ostersund,SE,2022-04-05 02:17:30,63.1792,14.6357,20.61,93,75,5.01
18,Hermanus,ZA,2022-04-05 02:17:30,-34.4187,19.2345,61.81,82,5,11.43
19,Hithadhoo,MV,2022-04-05 02:17:31,-0.6,73.0833,82.56,67,7,1.92
20,Victoria,HK,2022-04-05 02:16:09,22.2855,114.1577,74.03,56,11,4.0
21,Alofi,NU,2022-04-05 02:17:32,-19.0595,-169.9187,73.29,100,100,3.44
22,Mataura,NZ,2022-04-05 02:17:32,-46.1927,168.8643,66.36,63,100,2.33
23,Sinnamary,GF,2022-04-05 02:17:33,5.3833,-52.95,77.43,86,98,9.24
24,Georgetown,MY,2022-04-05 02:17:18,5.4112,100.3354,82.33,86,20,4.61
25,Mayumba,GA,2022-04-05 02:17:33,-3.432,10.6554,77.07,92,100,4.63
26,Atuona,PF,2022-04-05 02:15:17,-9.8,-139.0333,79.74,74,5,21.92
27,Xilagani,GR,2022-04-05 02:17:34,40.9833,25.4167,47.89,95,100,5.46
28,Bluff,NZ,2022-04-05 02:17:35,-46.6,168.3333,63.68,76,100,7.07
29,Tuktoyaktuk,CA,2022-04-05 02:17:35,69.4541,-133.0374,-14.8,70,75,5.75
30,Santana Do Ipanema,BR,2022-04-05 02:17:36,-9.3783,-37.2453,71.55,86,0,4.36
31,Salalah,OM,2022-04-05 02:14:10,17.0151,54.0924,75.29,78,0,2.3
32,Auki,SB,2022-04-05 02:17:37,-8.7676,160.7034,81.63,85,100,9.24
33,Humboldt,US,2022-04-05 02:14:33,40.6665,-123.9178,44.85,98,100,5.01
34,Srednekolymsk,RU,2022-04-05 02:17:38,67.45,153.6833,-2.22,82,100,1.74
35,Rio Gallegos,AR,2022-04-05 02:17:38,-51.6226,-69.2181,35.65,75,0,14.97
36,Lebu,CL,2022-04-05 02:17:38,-37.6167,-73.65,55.02,80,96,14.92
37,Itupeva,BR,2022-04-05 02:17:39,-23.1531,-47.0578,74.93,69,75,13.8
38,Gusau,NG,2022-04-05 02:17:39,12.1628,6.6614,84.27,28,53,5.21
39,Cabedelo,BR,2022-04-05 02:17:40,-6.9811,-34.8339,75.87,78,11,9.86
40,Hamilton,US,2022-04-05 02:17:40,39.1834,-84.5333,53.55,69,0,8.05
41,Swan Hill,AU,2022-04-05 02:17:41,-35.3378,143.5544,77.27,33,0,1.86
42,Qaanaaq,GL,2022-04-05 02:17:41,77.484,-69.3632,28.69,72,100,8.81
43,Basoko,CD,2022-04-05 02:17:42,1.2391,23.616,70.95,93,95,1.57
44,Tuatapere,NZ,2022-04-05 02:17:42,-46.1333,167.6833,68.59,63,100,5.5
45,Port Elizabeth,ZA,2022-04-05 02:18:43,-33.918,25.5701,65.32,75,0,11.01
46,Sao Filipe,CV,2022-04-05 02:18:43,14.8961,-24.4956,71.13,77,4,5.39
47,Kabo,CF,2022-04-05 02:18:43,7.6994,18.629,77.13,62,84,3.4
48,New Norfolk,AU,2022-04-05 02:18:44,-42.7826,147.0587,61.66,58,100,3.0
49,Yuzhno-Sukhokumsk,RU,2022-04-05 02:18:44,44.6581,45.6436,46.02,79,100,4.85
50,Saint-Joseph,RE,2022-04-05 02:18:45,-21.3667,55.6167,74.21,86,42,8.68
51,Kapaa,US,2022-04-05 02:18:45,22.0752,-159.319,80.58,72,40,13.8
52,Busselton,AU,2022-04-05 02:18:46,-33.65,115.3333,64.67,51,0,9.06
53,Provideniya,RU,2022-04-05 02:18:46,64.3833,-173.3,10.51,61,0,13.42
54,Port Hawkesbury,CA,2022-04-05 02:18:47,45.6169,-61.3485,31.17,98,100,12.66
55,Goderich,CA,2022-04-05 02:18:47,43.7501,-81.7165,37.9,87,100,10.36
56,Taksimo,RU,2022-04-05 02:18:48,56.3444,114.8794,19.87,47,77,10.09
57,Palana,RU,2022-04-05 02:18:48,59.1167,159.9667,26.69,66,100,4.32
58,Castro,BR,2022-04-05 02:18:49,-24.7911,-50.0119,64.11,96,100,1.74
59,Kapit,MY,2022-04-05 02:18:49,2.0167,112.9333,75.74,97,100,1.5
60,Arraial Do Cabo,BR,2022-04-05 02:18:50,-22.9661,-42.0278,76.69,88,0,14.9
61,Marovoay,MG,2022-04-05 02:18:50,-16.1,46.6333,72.5,94,2,3.6
62,Mauganj,IN,2022-04-05 02:18:50,24.6833,81.8833,85.24,8,1,5.19
63,Newtownards,GB,2022-04-05 02:18:51,54.5924,-5.6909,51.75,88,100,12.66
64,Kruisfontein,ZA,2022-04-05 02:18:51,-34.0033,24.7314,57.88,73,2,9.17
65,Volterra,IT,2022-04-05 02:18:52,43.4003,10.86,37.4,88,5,1.86
66,Yarada,IN,2022-04-05 02:18:52,17.65,83.2667,82.72,83,20,6.91
67,Margate,GB,2022-04-05 02:17:36,51.3813,1.3862,53.31,82,100,7.0
68,Brae,GB,2022-04-05 02:18:54,60.3964,-1.353,36.1,59,100,17.34
69,Port Alfred,ZA,2022-04-05 02:18:55,-33.5906,26.891,62.74,79,0,9.35
70,Cherskiy,RU,2022-04-05 02:18:57,68.75,161.3,-0.4,85,22,3.94
71,Lagoa,PT,2022-04-05 02:18:57,39.05,-27.9833,59.14,71,60,7.9
72,Luderitz,NA,2022-04-05 02:18:58,-26.6481,15.1594,58.39,81,0,6.51
73,Lompoc,US,2022-04-05 02:18:58,34.6391,-120.4579,72.57,76,0,37.0
74,Zhanaozen,KZ,2022-04-05 02:18:59,43.3,52.8,46.69,60,71,12.01
75,Miles City,US,2022-04-05 02:18:59,46.4083,-105.8406,52.77,46,75,9.22
76,Kendari,ID,2022-04-05 02:19:00,-3.945,122.4989,85.46,65,100,1.7
77,Port Lincoln,AU,2022-04-05 02:19:00,-34.7333,135.8667,62.8,73,100,16.64
78,Poum,NC,2022-04-05 02:19:01,-20.2333,164.0167,81.01,82,100,25.08
79,Komsomolskiy,UZ,2022-04-05 02:19:01,40.4272,71.7189,59.72,47,0,6.91
80,Sisimiut,GL,2022-04-05 02:19:02,66.9395,-53.6735,24.1,95,80,3.51
81,Carnarvon,AU,2022-04-05 02:19:02,-24.8667,113.6333,82.47,61,0,12.66
82,Te Anau,NZ,2022-04-05 02:19:03,-45.4167,167.7167,64.36,75,100,5.95
83,Saint-Augustin,CA,2022-04-05 02:19:03,51.226,-58.6502,31.53,93,100,6.85
84,Townsville,AU,2022-04-05 02:19:04,-19.25,146.8,86.88,58,20,12.66
85,Smithers,CA,2022-04-05 02:15:11,54.7804,-127.1743,41.32,52,100,3.44
86,Kerema,PG,2022-04-05 02:19:05,-7.9631,145.7785,82.92,70,100,5.37
87,Puerto Ayora,EC,2022-04-05 02:19:05,-0.7393,-90.3518,76.55,94,29,6.06
88,Jiuquan,CN,2022-04-05 02:19:06,39.7432,98.5174,58.14,11,0,1.52
89,Umm Lajj,SA,2022-04-05 02:19:06,25.0213,37.2685,76.03,59,0,6.58
90,Maltahohe,NA,2022-04-05 02:19:07,-24.8333,16.9833,55.04,35,0,5.57
91,Beloha,MG,2022-04-05 02:20:08,-25.1667,45.05,70.3,89,14,5.03
92,Laguna,US,2022-04-05 02:19:58,38.421,-121.4238,69.94,65,0,13.8
93,Katsuura,JP,2022-04-05 02:20:09,35.1333,140.3,52.02,89,99,21.74
94,Polson,US,2022-04-05 02:20:10,47.6936,-114.1632,41.49,55,98,15.99
95,Yulara,AU,2022-04-05 02:20:10,-25.2406,130.9889,89.44,12,1,4.61
96,Ribeira Grande,PT,2022-04-05 02:20:11,38.5167,-28.7,60.17,74,35,7.9
97,Tuy Hoa,VN,2022-04-05 02:20:11,13.0833,109.3,73.72,92,100,10.22
98,Menongue,AO,2022-04-05 02:20:12,-14.6585,17.691,63.57,92,100,2.46
99,Tual,ID,2022-04-05 02:20:12,-5.6667,132.75,82.29,67,12,3.27
100,Aklavik,CA,2022-04-05 02:20:13,68.2191,-135.0107,-7.94,83,100,5.86
101,Camana,PE,2022-04-05 02:20:14,-16.6228,-72.7111,69.08,84,83,4.7
102,Belyy Yar,RU,2022-04-05 02:20:14,53.6039,91.3903,37.85,87,100,0.0
103,Quelimane,MZ,2022-04-05 02:20:15,-17.8786,36.8883,76.95,94,0,4.61
104,College,US,2022-04-05 02:20:15,64.8569,-147.8028,24.08,55,75,8.05
105,Leh,IN,2022-04-05 02:18:36,34.1667,77.5833,26.92,62,5,4.25
106,Vinukonda,IN,2022-04-05 02:20:16,16.05,79.75,79.36,77,90,8.03
107,Heilbron,ZA,2022-04-05 02:20:17,-27.2812,27.9709,52.29,95,0,5.1
108,Ishigaki,JP,2022-04-05 02:20:17,24.3448,124.1572,73.53,64,20,13.8
109,Winslow,US,2022-04-05 02:20:18,35.0242,-110.6974,68.18,15,0,0.0
110,Rey Bouba,CM,2022-04-05 02:20:18,8.6724,14.1786,83.14,46,100,0.34
111,Saldanha,ZA,2022-04-05 02:20:19,-33.0117,17.9442,59.94,87,17,9.13
112,Kaitangata,NZ,2022-04-05 02:20:19,-46.2817,169.8464,68.47,60,100,4.63
113,Rock Sound,BS,2022-04-05 02:20:20,24.9,-76.2,76.73,80,4,14.63
114,Dingle,PH,2022-04-05 02:20:21,10.9995,122.6711,85.96,65,100,11.7
115,Kloulklubed,PW,2022-04-05 02:20:21,7.0419,134.2556,81.1,76,99,4.41
116,Mount Gambier,AU,2022-04-05 02:20:22,-37.8333,140.7667,62.29,58,100,4.43
117,Sweetwater,US,2022-04-05 02:20:23,25.7634,-80.3731,79.0,90,20,9.22
118,Jiaojiang,CN,2022-04-05 02:20:23,28.6803,121.4428,68.0,56,40,4.52
119,Sistranda,NO,2022-04-05 02:17:34,63.7256,8.834,22.96,48,66,14.43
120,Sitka,US,2022-04-05 02:20:24,57.0531,-135.33,44.49,65,100,12.66
121,Vaini,TO,2022-04-05 02:20:24,-21.2,-175.2,80.76,83,75,6.91
122,Pangnirtung,CA,2022-04-05 02:20:25,66.1451,-65.7125,5.09,97,100,1.92
123,Yumen,CN,2022-04-05 02:20:25,40.2833,97.2,56.26,13,0,2.19
124,Cozumel,MX,2022-04-05 02:20:26,20.5083,-86.9458,78.87,90,20,4.61
125,Vuktyl,RU,2022-04-05 02:20:26,63.8567,57.3094,7.05,100,100,5.82
126,Havoysund,NO,2022-04-05 02:20:27,70.9963,24.6622,25.03,72,100,13.73
127,Sabang,ID,2022-04-05 02:20:27,5.8933,95.3214,81.23,71,100,3.91
128,Aasiaat,GL,2022-04-05 02:20:28,68.7098,-52.8699,19.2,99,88,8.66
129,Torbay,CA,2022-04-05 02:17:48,47.6666,-52.7314,37.89,96,100,25.32
130,Lazaro Cardenas,MX,2022-04-05 02:20:28,17.9583,-102.2,72.46,78,43,6.82
131,Thohoyandou,ZA,2022-04-05 02:18:39,-22.9456,30.485,67.59,90,89,2.59
132,Butaritari,KI,2022-04-05 02:20:29,3.0707,172.7902,81.99,80,25,15.66
133,Kedrovyy,RU,2022-04-05 02:20:29,56.1667,91.8167,34.21,100,100,5.35
134,Yashkul,RU,2022-04-05 02:19:13,46.1711,45.3435,41.16,64,100,8.16
135,Halifax,CA,2022-04-05 02:16:56,44.6453,-63.5724,32.47,86,84,28.01
136,Tiksi,RU,2022-04-05 02:21:31,71.6872,128.8694,-3.73,99,100,4.36
137,Isla Mujeres,MX,2022-04-05 02:21:32,21.2311,-86.731,80.65,75,0,14.05
138,Zhigansk,RU,2022-04-05 02:21:32,66.7697,123.3711,1.96,87,83,16.71
139,Vestmannaeyjar,IS,2022-04-05 02:21:33,63.4427,-20.2734,35.71,74,100,21.61
140,Cabo San Lucas,MX,2022-04-05 02:21:33,22.8909,-109.9124,70.61,68,20,11.5
141,Yellowknife,CA,2022-04-05 02:21:34,62.456,-114.3525,39.29,69,75,5.75
142,Ahipara,NZ,2022-04-05 02:21:34,-35.1667,173.1667,71.89,76,100,7.61
143,Mpika,ZM,2022-04-05 02:21:34,-11.8343,31.4529,61.66,97,100,3.11
144,Miandrivazo,MG,2022-04-05 02:21:35,-19.5167,45.4667,73.22,72,0,2.73
145,Kununurra,AU,2022-04-05 02:21:35,-15.7667,128.7333,93.18,52,6,5.75
146,Hobart,AU,2022-04-05 02:21:36,-42.8794,147.3294,62.02,67,75,13.8
147,Sladkovo,RU,2022-04-05 02:21:36,55.5284,70.3385,41.02,84,100,12.33
148,Hirara,JP,2022-04-05 02:21:37,24.8,125.2833,73.26,60,75,11.5
149,Deputatskiy,RU,2022-04-05 02:21:37,69.3,139.9,-1.37,90,99,4.0
150,Jaipur,IN,2022-04-05 02:21:38,26.9167,75.8167,76.32,31,57,1.14
151,Gushi,CN,2022-04-05 02:21:39,34.6425,109.5843,69.89,34,0,10.42
152,Iqaluit,CA,2022-04-05 02:21:39,63.7506,-68.5145,6.53,77,40,12.66
153,Presidencia Roque Saenz Pena,AR,2022-04-05 02:21:39,-26.7852,-60.4388,69.51,78,74,6.42
154,Bilibino,RU,2022-04-05 02:21:40,68.0546,166.4372,6.91,67,1,2.95
155,Itarema,BR,2022-04-05 02:21:40,-2.9248,-39.9167,76.73,89,100,7.56
156,Tasiilaq,GL,2022-04-05 02:21:41,65.6145,-37.6368,14.16,90,93,7.45
157,Wahiawa,US,2022-04-05 02:21:41,21.5028,-158.0236,77.32,64,75,12.66
158,Cairns,AU,2022-04-05 02:21:42,-16.9167,145.7667,94.06,65,97,9.22
159,Ambon,ID,2022-04-05 02:21:42,-3.6954,128.1814,93.34,55,20,5.75
160,Hauterive,FR,2022-04-05 02:21:43,46.0901,3.4459,36.36,94,13,4.41
161,Khatanga,RU,2022-04-05 02:21:43,71.9667,102.5,-7.56,87,31,5.95
162,Ambilobe,MG,2022-04-05 02:21:44,-13.2,49.05,72.36,96,98,1.45
163,Bengkulu,ID,2022-04-05 02:21:44,-3.8004,102.2655,82.2,63,40,4.05
164,Klaksvik,FO,2022-04-05 02:21:45,62.2266,-6.589,31.12,64,100,14.83
165,Placido De Castro,BR,2022-04-05 02:21:45,-10.3353,-67.1856,74.01,84,19,1.88
166,Kabanjahe,ID,2022-04-05 02:21:46,3.1001,98.4908,69.46,76,100,1.41
167,Am Timan,TD,2022-04-05 02:21:46,11.0297,20.2827,87.75,39,100,8.95
168,Albany,US,2022-04-05 02:20:33,42.6001,-73.9662,42.76,70,100,5.19
169,Toora-Khem,RU,2022-04-05 02:21:47,52.4675,96.11,38.59,94,100,2.1
170,Airai,TL,2022-04-05 02:21:48,-8.9266,125.4092,73.74,49,19,1.3
171,Honggang,CN,2022-04-05 02:21:48,46.4667,124.8667,36.55,43,97,27.58
172,Riohacha,CO,2022-04-05 02:21:49,11.5444,-72.9072,79.83,79,94,9.13
173,Alta Floresta,BR,2022-04-05 02:21:49,-9.8756,-56.0861,73.22,100,0,2.3
174,Salinas,US,2022-04-05 02:21:33,36.6777,-121.6555,68.61,74,0,14.97
175,Nanortalik,GL,2022-04-05 02:21:50,60.1432,-45.2371,33.69,80,100,4.79
176,Camacha,PT,2022-04-05 02:21:50,33.0833,-16.3333,53.02,67,40,17.27
177,Olden,NO,2022-04-05 02:21:51,61.8364,6.8064,30.94,97,99,3.78
178,Praia Da Vitoria,PT,2022-04-05 02:21:51,38.7333,-27.0667,57.76,88,40,4.94
179,Ucluelet,CA,2022-04-05 02:21:55,48.9329,-125.5528,45.09,84,100,11.01
180,Nantucket,US,2022-04-05 02:22:52,41.2835,-70.0995,46.54,78,0,14.97
181,Mollendo,PE,2022-04-05 02:20:14,-17.0231,-72.0147,68.52,81,74,3.36
182,Upernavik,GL,2022-04-05 02:22:53,72.7868,-56.1549,19.08,83,100,6.42
183,Mont-Dore,NC,2022-04-05 02:22:53,-22.2833,166.5833,84.99,99,100,5.53
184,San Patricio,US,2022-04-05 02:22:54,28.017,-97.5169,76.89,84,28,11.92
185,Isangel,VU,2022-04-05 02:22:54,-19.55,169.2667,82.53,78,100,8.55
186,Yar-Sale,RU,2022-04-05 02:22:55,66.8333,70.8333,24.58,97,93,6.76
187,Nikolskoye,RU,2022-04-05 02:22:42,59.7035,30.7861,36.88,96,100,13.82
188,Muisne,EC,2022-04-05 02:22:56,0.6,-80.0333,76.28,86,62,2.95
189,Saskylakh,RU,2022-04-05 02:22:56,71.9167,114.0833,-4.32,95,98,8.39
190,Champerico,GT,2022-04-05 02:22:57,14.3,-91.9167,83.25,67,100,6.44
191,Perth,AU,2022-04-05 02:18:50,-31.9333,115.8333,70.79,53,20,17.27
192,Bethel,US,2022-04-05 02:22:57,41.3712,-73.414,48.54,60,40,4.61
193,Volnovakha,UA,2022-04-05 02:22:58,47.601,37.4967,33.93,61,97,5.77
194,Khonsa,IN,2022-04-05 02:22:58,27.0167,95.5667,64.49,87,99,1.16
195,Cayenne,GF,2022-04-05 02:22:59,4.9333,-52.3333,80.1,1,75,1.99
196,Apache Junction,US,2022-04-05 02:22:59,33.4151,-111.5496,82.06,21,0,9.22
197,Trat,TH,2022-04-05 02:23:00,12.5,102.5,84.4,59,71,14.92
198,Geraldton,AU,2022-04-05 02:23:00,-28.7667,114.6,73.81,64,0,21.85
199,Tuzha,RU,2022-04-05 02:23:01,57.6062,47.936,23.02,90,100,8.28
200,Erenhot,CN,2022-04-05 02:23:01,43.6475,111.9767,36.79,26,91,11.52
201,Baruun-Urt,MN,2022-04-05 02:23:02,46.6806,113.2792,25.77,17,17,13.15
202,Merauke,ID,2022-04-05 02:23:02,-8.4667,140.3333,85.28,63,58,3.29
203,Bredasdorp,ZA,2022-04-05 02:23:03,-34.5322,20.0403,57.76,84,7,6.04
204,Souillac,MU,2022-04-05 02:23:04,-20.5167,57.5167,77.38,94,75,10.36
205,San Carlos De Bariloche,AR,2022-04-05 02:22:22,-41.1456,-71.3082,47.95,71,40,17.27
206,Adre,TD,2022-04-05 02:23:05,13.4667,22.2,78.87,13,4,12.03
207,Yeppoon,AU,2022-04-05 02:20:17,-23.1333,150.7333,87.58,63,24,11.43
208,Saint-Philippe,RE,2022-04-05 02:22:47,-21.3585,55.7679,75.22,87,60,11.59
209,Jalu,LY,2022-04-05 02:23:06,29.0331,21.5482,79.14,11,0,8.34
210,Bintulu,MY,2022-04-05 02:23:06,3.1667,113.0333,82.81,83,40,2.3
211,Kodinsk,RU,2022-04-05 02:23:07,58.6881,99.1844,22.33,87,100,6.4
212,Ignacio Zaragoza,MX,2022-04-05 02:23:07,28.3833,-107.2167,52.97,29,0,14.34
213,Ancud,CL,2022-04-05 02:23:08,-41.8697,-73.8203,57.22,96,100,12.64
214,Codrington,AU,2022-04-05 02:22:48,-38.2667,141.9667,62.98,56,100,6.02
215,Mayo,US,2022-04-05 02:23:09,38.8876,-76.5119,52.09,73,100,6.91
216,Faanui,PF,2022-04-05 02:23:09,-16.4833,-151.75,83.01,74,7,16.98
217,Sola,VU,2022-04-05 02:23:10,-13.8833,167.55,82.51,72,100,12.48
218,Lavrentiya,RU,2022-04-05 02:23:11,65.5833,-171.0,1.08,81,13,11.74
219,Avarua,CK,2022-04-05 02:23:11,-21.2078,-159.775,84.25,74,100,3.44
220,Tautira,PF,2022-04-05 02:23:12,-17.7333,-149.15,82.69,76,28,15.84
221,Worcester,US,2022-04-05 02:24:13,42.3334,-71.8328,45.81,56,0,8.05
222,Bacolod,PH,2022-04-05 02:24:13,10.6667,122.95,88.54,58,98,10.04
223,Kahului,US,2022-04-05 02:24:14,20.8947,-156.47,78.82,65,20,18.41
224,Letka,RU,2022-04-05 02:24:15,59.6011,49.4232,18.43,95,100,6.15
225,Norman Wells,CA,2022-04-05 02:24:15,65.282,-126.8329,3.24,51,75,12.66
226,Tateyama,JP,2022-04-05 02:24:16,34.9833,139.8667,53.19,83,86,23.76
227,Wilmington,US,2022-04-05 02:23:49,34.2257,-77.9447,58.89,79,0,1.99
228,Dikson,RU,2022-04-05 02:23:56,73.5069,80.5464,4.5,82,58,15.68
229,Touros,BR,2022-04-05 02:24:17,-5.1989,-35.4608,77.59,80,61,9.53
230,Yangambi,CD,2022-04-05 02:24:18,0.8102,24.4336,69.24,96,88,1.23
231,Bontang,ID,2022-04-05 02:24:18,0.1333,117.5,75.94,93,100,6.73
232,Forquilhinha,BR,2022-04-05 02:24:19,-28.7475,-49.4722,67.96,97,100,1.23
233,Bozeman,US,2022-04-05 02:23:00,45.6796,-111.0386,39.2,87,100,16.11
234,Asau,RO,2022-04-05 02:24:20,46.4333,26.4,34.72,84,2,5.95
235,Ponta Do Sol,PT,2022-04-05 02:24:21,32.6667,-17.1,56.03,75,28,11.27
236,Korla,CN,2022-04-05 02:24:22,41.7597,86.1469,60.4,21,2,4.47
237,Pelym,RU,2022-04-05 02:21:20,61.0108,61.9978,28.63,96,100,6.87
238,Kamina,CD,2022-04-05 02:24:22,-8.7386,24.9906,62.29,94,100,1.3
239,Marawi,PH,2022-04-05 02:24:23,7.9986,124.2928,78.1,74,100,4.45
240,Vila Franca Do Campo,PT,2022-04-05 02:24:24,37.7167,-25.4333,55.81,66,91,4.34
241,Xining,CN,2022-04-05 02:21:25,36.6167,101.7667,45.03,32,0,1.74
242,Kuytun,RU,2022-04-05 02:24:24,54.3419,101.5036,23.47,83,100,9.91
243,Itamaraju,BR,2022-04-05 02:24:25,-17.0392,-39.5311,70.74,95,0,0.65
244,Pervomayskoye,RU,2022-04-05 02:24:25,43.919,46.7102,43.59,78,79,6.67
245,Trunovskoye,RU,2022-04-05 02:24:26,45.4878,42.1358,41.99,95,100,3.22
246,Clarence Town,AU,2022-04-05 02:24:27,-32.5833,151.7833,81.61,48,0,2.71
247,Mahibadhoo,MV,2022-04-05 02:24:27,3.7833,72.9667,82.99,64,34,2.21
248,North Battleford,CA,2022-04-05 02:24:27,52.7834,-108.2847,42.4,87,100,23.02
249,Saint George,US,2022-04-05 02:20:48,37.1041,-113.5841,76.62,14,0,8.05
250,East London,ZA,2022-04-05 02:20:17,-33.0153,27.9116,64.17,76,5,7.14
251,Mezen,RU,2022-04-05 02:24:28,65.8522,44.24,6.03,97,36,4.83
252,Lorengau,PG,2022-04-05 02:24:29,-2.0226,147.2712,83.48,76,100,15.26
253,Fort Morgan,US,2022-04-05 02:20:35,40.2503,-103.8,59.65,33,100,9.22
254,Olafsvik,IS,2022-04-05 02:24:30,64.8945,-23.7142,28.15,70,86,31.16
255,Tiarei,PF,2022-04-05 02:24:30,-17.5333,-149.3333,87.82,76,11,16.53
256,Westport,US,2022-04-05 02:24:31,41.1415,-73.3579,49.8,54,40,10.36
257,Tagbac,PH,2022-04-05 02:24:31,7.089,125.1567,81.1,76,100,1.54
258,Clyde River,CA,2022-04-05 02:24:31,70.4692,-68.5914,7.03,72,0,3.44
259,Karratha,AU,2022-04-05 02:24:32,-20.7377,116.8463,90.59,40,0,4.68
260,Carndonagh,IE,2022-04-05 02:24:32,55.25,-7.2667,48.45,97,100,21.27
261,Fuerte Olimpo,PY,2022-04-05 02:24:33,-21.0415,-57.8738,79.56,61,28,3.0
262,Trinidad,BO,2022-04-05 02:24:33,-14.8333,-64.9,73.49,91,51,0.96
263,Half Moon Bay,US,2022-04-05 02:22:00,37.4636,-122.4286,63.45,83,100,25.32
264,Capitan Bado,PY,2022-04-05 02:24:34,-23.2667,-55.5333,69.26,96,0,5.95
265,Sorland,NO,2022-04-05 02:24:35,67.667,12.6934,30.99,47,16,14.0
266,Nouadhibou,MR,2022-04-05 02:25:38,20.931,-17.0347,64.38,88,0,8.05
267,Don Sak,TH,2022-04-05 02:25:39,9.3168,99.6918,75.09,89,100,11.52
268,Christchurch,NZ,2022-04-05 02:25:38,-43.5333,172.6333,69.94,72,98,8.05
269,Chulym,RU,2022-04-05 02:25:40,55.0997,80.9572,36.64,87,100,9.64
270,Roald,NO,2022-04-05 02:25:41,62.5833,6.1333,32.32,93,40,3.44
271,Imbituba,BR,2022-04-05 02:25:41,-28.24,-48.6703,70.83,93,81,6.35
272,Sorochinsk,RU,2022-04-05 02:25:41,52.4338,53.1583,31.15,81,69,14.9
273,Kysyl-Syr,RU,2022-04-05 02:25:42,63.8986,122.7617,8.67,84,96,9.28
274,Stornoway,GB,2022-04-05 02:25:43,58.2093,-6.3865,39.16,88,100,5.75
275,Qasigiannguit,GL,2022-04-05 02:25:46,68.8193,-51.1922,28.65,84,45,6.02
276,Leningradskiy,RU,2022-04-05 02:25:47,69.3833,178.4167,-1.73,83,52,3.85
277,Seoul,KR,2022-04-05 02:23:30,37.5683,126.9778,58.39,28,0,6.91
278,Porto Santo,PT,2022-04-05 02:25:48,33.072,-16.3415,55.78,67,40,17.27
279,Verkhnyaya Salda,RU,2022-04-05 02:25:48,58.0456,60.5533,35.91,78,100,11.7
280,Morant Bay,JM,2022-04-05 02:25:49,17.8815,-76.4093,80.22,84,51,8.21
281,Kumbo,CM,2022-04-05 02:25:49,6.2,10.6667,64.9,73,100,3.27
282,Kasese,UG,2022-04-05 02:25:49,0.1833,30.0833,67.3,84,14,3.36
283,Belaya Gora,RU,2022-04-05 02:25:50,68.5333,146.4167,2.75,84,91,10.63
284,Paamiut,GL,2022-04-05 02:25:50,61.994,-49.6678,30.4,96,100,11.86
285,Santa Cruz,BO,2022-04-05 02:23:35,-17.8,-63.1667,74.66,88,34,4.61
286,Broome,US,2022-04-05 02:25:51,42.2506,-75.833,39.02,69,75,4.61
287,Severo-Kurilsk,RU,2022-04-05 02:25:51,50.6789,156.125,36.12,92,28,7.74
288,Mbandaka,CD,2022-04-05 02:25:52,0.0487,18.2603,69.73,95,100,3.58
289,Hualmay,PE,2022-04-05 02:25:52,-11.0964,-77.6139,69.46,83,94,10.31
290,Melilla,ES,2022-04-05 02:25:53,35.2937,-2.9383,55.78,88,75,23.02
291,Dire,ML,2022-04-05 02:25:53,12.2833,-10.9667,82.85,21,12,3.8
292,Quatre Cocos,MU,2022-04-05 02:25:54,-20.2078,57.7625,77.11,85,46,9.82
293,Thunder Bay,CA,2022-04-05 02:21:03,48.4001,-89.3168,34.29,86,100,5.75
294,Sobolevo,RU,2022-04-05 02:25:55,54.4299,31.8996,29.14,88,96,15.28
295,Conde,BR,2022-04-05 02:25:55,-7.2597,-34.9075,74.66,94,20,3.44
296,Shahe,CN,2022-04-05 02:25:55,39.2708,113.5478,57.56,19,0,6.4
297,Porto Novo,BJ,2022-04-05 02:25:56,6.4965,2.6036,82.22,78,99,7.2
298,San Quintin,MX,2022-04-05 02:25:56,30.4833,-115.95,60.44,83,7,11.05
299,Buala,SB,2022-04-05 02:25:57,-8.145,159.5921,80.8,86,100,12.59
300,Kodiak,US,2022-04-05 02:22:42,57.79,-152.4072,38.71,48,75,11.5
301,Ostrovnoy,RU,2022-04-05 02:25:58,68.0531,39.5131,12.67,95,72,10.58
302,Avera,US,2022-04-05 02:25:58,33.194,-82.5271,58.51,54,77,4.36
303,Kieta,PG,2022-04-05 02:25:59,-6.2167,155.6333,83.61,81,100,8.39
304,Ibimirim,BR,2022-04-05 02:25:59,-8.5406,-37.6903,70.59,78,3,7.23
305,Buraydah,SA,2022-04-05 02:26:00,26.326,43.975,72.05,14,99,8.21
306,Hasaki,JP,2022-04-05 02:25:12,35.7333,140.8333,52.2,81,100,21.39
307,Bichura,RU,2022-04-05 02:26:00,50.5881,107.6022,29.08,52,4,1.81
308,Mitsamiouli,KM,2022-04-05 02:26:01,-11.3847,43.2844,81.37,76,2,5.5
309,Hofn,IS,2022-04-05 02:26:01,64.2539,-15.2082,27.52,60,100,13.62
310,Chipinge,ZW,2022-04-05 02:26:02,-20.1883,32.6236,62.89,93,15,2.48
311,San Cristobal,VE,2022-04-05 02:26:03,7.7669,-72.225,73.58,85,28,2.53
312,Yablonovo,RU,2022-04-05 02:27:03,50.8523,37.3574,30.54,74,11,7.61
313,Ogaminana,NG,2022-04-05 02:27:04,7.5946,6.2248,76.93,82,100,7.11
314,La Rioja,ES,2022-04-05 02:27:04,42.25,-2.5,22.78,88,56,3.38
315,Maragogi,BR,2022-04-05 02:25:28,-9.0122,-35.2225,77.31,78,7,3.94
316,Portland,US,2022-04-05 02:26:44,45.5234,-122.6762,46.45,82,20,12.66
317,Mansa,IN,2022-04-05 02:27:05,29.9833,75.3833,78.58,9,32,2.53
318,Langfang,CN,2022-04-05 02:27:06,39.5097,116.6947,70.72,22,0,15.41
319,Grenfell,AU,2022-04-05 02:27:07,-33.9,148.1667,72.32,36,0,6.51
320,Waipawa,NZ,2022-04-05 02:27:07,-41.4122,175.5153,66.09,71,100,15.61
321,Tura,IN,2022-04-05 02:27:08,25.5198,90.2201,74.39,82,85,6.89
322,Guerrero Negro,MX,2022-04-05 02:27:09,27.9769,-114.0611,60.39,80,0,18.05
323,North Platte,US,2022-04-05 02:27:09,41.1239,-100.7654,58.12,30,100,15.99
324,Mahebourg,MU,2022-04-05 02:27:10,-20.4081,57.7,77.29,94,75,10.36
325,Pevek,RU,2022-04-05 02:27:11,69.7008,170.3133,-8.03,90,68,2.77
326,Narsaq,GL,2022-04-05 02:27:11,60.9167,-46.05,46.62,76,100,4.45
327,Talnakh,RU,2022-04-05 02:27:12,69.4865,88.3972,3.65,82,34,9.46
328,Mar Del Plata,AR,2022-04-05 02:27:12,-38.0023,-57.5575,61.88,74,0,3.0
329,Panama City,PA,2022-04-05 02:27:13,8.9936,-79.5197,80.44,89,40,2.3
330,Loreto,MX,2022-04-05 02:27:13,22.2667,-101.9667,67.69,14,70,16.96
331,Chapais,CA,2022-04-05 02:27:14,49.7834,-74.8492,22.78,95,22,2.91
332,Flinders,AU,2022-04-05 02:27:14,-34.5833,150.8552,79.18,62,1,4.0
333,San Vicente,AR,2022-04-05 02:27:15,-26.6167,-54.1333,64.26,100,34,1.16
334,Butterworth,MY,2022-04-05 02:27:16,5.3991,100.3638,82.44,86,20,4.61
335,Byron Bay,AU,2022-04-05 02:27:16,-28.65,153.6167,82.94,66,0,4.32
336,Sampang,ID,2022-04-05 02:27:17,-7.1872,113.2394,82.69,72,43,3.4
337,Kemise,ET,2022-04-05 02:27:17,10.7167,39.8667,65.35,38,38,6.13
338,Nome,US,2022-04-05 02:27:18,64.5011,-165.4064,17.67,45,0,14.97
339,Abu Dhabi,AE,2022-04-05 02:27:16,24.4667,54.3667,73.96,95,0,2.3
340,Dakar,SN,2022-04-05 02:25:17,14.6937,-17.4441,65.28,87,0,16.82
341,Marihatag,PH,2022-04-05 02:27:19,8.7936,126.2969,78.73,91,100,8.32
342,Meulaboh,ID,2022-04-05 02:27:20,4.1363,96.1285,78.91,80,98,3.22
343,Whitehorse,CA,2022-04-05 02:27:20,60.7161,-135.0538,39.09,41,40,13.8
344,Kifri,IQ,2022-04-05 02:27:21,34.6959,44.9661,66.04,31,94,5.79
345,Urmary,RU,2022-04-05 02:27:22,55.6789,47.944,18.57,93,98,8.59
346,Asfi,MA,2022-04-05 02:27:22,32.2994,-9.2372,56.7,63,51,15.82
347,Knyaze-Volkonskoye,RU,2022-04-05 02:27:23,48.4642,135.4567,53.94,60,99,16.46
348,Mattru,SL,2022-04-05 02:27:23,7.6244,-11.8332,75.36,82,83,2.73
349,Qui Nhon,VN,2022-04-05 02:27:24,13.7667,109.2333,73.67,88,100,15.17
350,Litovko,RU,2022-04-05 02:27:24,49.2361,135.1742,36.82,96,100,4.88
351,Fuengirola,ES,2022-04-05 02:27:25,36.54,-4.6247,53.6,94,75,3.44
352,Coquimbo,CL,2022-04-05 02:27:25,-29.9533,-71.3436,56.93,88,0,5.75
353,Fairlie,GB,2022-04-05 02:27:25,55.756,-4.8556,50.4,92,100,20.15
354,Dandong,CN,2022-04-05 02:27:26,40.1292,124.3947,48.07,70,54,8.86
355,Grand Gaube,MU,2022-04-05 02:27:26,-20.0064,57.6608,77.4,87,27,1.99
356,Usinsk,RU,2022-04-05 02:27:27,65.9939,57.5281,-6.88,100,100,1.61
357,Lae,PG,2022-04-05 02:28:27,-6.7221,146.9847,90.27,54,39,4.41
358,Clearlake,US,2022-04-05 02:28:28,38.9582,-122.6264,59.23,69,98,7.45
359,Aswan,EG,2022-04-05 02:28:29,24.0934,32.907,78.1,16,0,9.22
360,Edd,ER,2022-04-05 02:28:29,13.9297,41.6925,85.33,36,1,7.85
361,Port Blair,IN,2022-04-05 02:28:29,11.6667,92.75,80.64,89,40,2.3
362,Husavik,IS,2022-04-05 02:28:30,66.0449,-17.3389,22.93,91,100,7.54
363,Guthrie,US,2022-04-05 02:28:31,35.8789,-97.4253,57.87,94,100,4.61
364,Chiang Khong,TH,2022-04-05 02:28:31,20.2613,100.4046,81.59,53,6,1.34
365,Esperance,AU,2022-04-05 02:28:32,-33.8667,121.9,66.04,64,53,13.18
366,Robertsport,LR,2022-04-05 02:28:32,6.7533,-11.3686,77.88,80,100,0.51
367,Minsk,BY,2022-04-05 02:28:32,53.9,27.5667,33.55,76,100,21.36
368,Falam,MM,2022-04-05 02:28:33,22.9167,93.6833,74.88,29,3,1.5
369,Belica,BG,2022-04-05 02:28:33,41.9569,23.5725,35.92,97,100,0.72
370,Tadine,NC,2022-04-05 02:28:34,-21.55,167.8833,83.05,76,100,12.46
371,Terra Rica,BR,2022-04-05 02:28:34,-22.7094,-52.6169,69.73,80,43,3.76
372,Raudeberg,NO,2022-04-05 02:28:35,61.9875,5.1352,30.87,94,100,12.77
373,Longyearbyen,SJ,2022-04-05 02:28:35,78.2186,15.6401,10.24,61,20,14.97
374,Bam,IR,2022-04-05 02:28:36,29.106,58.357,71.91,13,0,8.12
375,Tsalka,GE,2022-04-05 02:28:36,41.5946,44.0891,31.35,76,96,2.93
376,Oriximina,BR,2022-04-05 02:28:37,-1.7656,-55.8661,74.37,96,99,1.74
377,Joura,IN,2022-04-05 02:28:37,26.3411,77.8115,83.84,7,5,2.39
378,Mao,ES,2022-04-05 02:28:37,39.8885,4.2658,52.36,71,20,13.8
379,Chesma,RU,2022-04-05 02:28:38,53.8111,60.6533,37.42,80,100,12.93
380,Pauini,BR,2022-04-05 02:28:38,-7.7136,-66.9764,74.71,86,57,1.28
381,Colares,PT,2022-04-05 02:28:39,38.7992,-9.4469,56.28,47,100,15.99
382,Yatou,CN,2022-04-05 02:28:39,37.15,122.3833,54.55,61,100,20.45
383,Esna,EG,2022-04-05 02:28:40,25.2934,32.554,73.42,14,0,1.28
384,Araouane,ML,2022-04-05 02:28:40,18.9048,-3.5265,82.65,13,0,10.27
385,La Ronge,CA,2022-04-05 02:28:41,55.1001,-105.2842,39.45,60,20,18.41
386,Ebetsu,JP,2022-04-05 02:28:41,43.1081,141.5506,57.11,35,20,13.8
387,Chingola,ZM,2022-04-05 02:28:41,-12.529,27.8838,59.77,96,66,1.36
388,Sergeyevka,KZ,2022-04-05 02:28:42,53.88,67.4158,41.49,84,100,12.19
389,Peniche,PT,2022-04-05 02:28:42,39.3558,-9.3811,51.93,60,100,13.38
390,Egvekinot,RU,2022-04-05 02:25:12,66.3167,-179.1667,-5.1,82,21,15.48
391,Mus,TR,2022-04-05 02:28:43,39.0,41.75,28.42,94,95,4.38
392,Sept-Iles,CA,2022-04-05 02:28:44,50.2001,-66.3821,30.63,46,0,8.05
393,Hovd,MN,2022-04-05 02:28:44,48.0056,91.6419,47.86,23,16,4.07
394,Najran,SA,2022-04-05 02:28:45,17.4924,44.1277,59.65,12,0,2.66
395,Gambela,ET,2022-04-05 02:28:45,8.25,34.5833,77.88,61,92,4.83
396,Wolfeboro,US,2022-04-05 02:28:45,43.584,-71.2073,44.46,40,0,3.44
397,Naze,JP,2022-04-05 02:28:46,28.3667,129.4833,65.32,49,6,5.57
398,Namatanai,PG,2022-04-05 02:28:46,-3.6667,152.4333,85.24,70,88,12.35
399,Ulladulla,AU,2022-04-05 02:28:47,-35.35,150.4667,75.78,68,46,5.48
400,Aitape,PG,2022-04-05 02:28:47,-3.1374,142.3475,80.96,79,100,0.76
401,Bambous Virieux,MU,2022-04-05 02:28:48,-20.3428,57.7575,77.25,94,75,10.36
402,Mayor Pablo Lagerenza,PY,2022-04-05 02:28:48,-19.9309,-60.7718,79.39,60,58,4.12
403,Isabela,PH,2022-04-05 02:28:49,6.7085,121.9711,86.05,71,100,0.36
404,Bandarbeyla,SO,2022-04-05 02:28:49,9.4942,50.8122,76.06,78,44,4.0
405,Vila Velha,BR,2022-04-05 02:25:56,-20.3297,-40.2925,76.95,93,20,2.3
406,Mnogovershinnyy,RU,2022-04-05 02:29:50,53.9353,139.9242,27.84,55,100,3.18
407,Caravelas,BR,2022-04-05 02:29:50,-17.7125,-39.2481,75.96,81,0,3.6
408,Alakurtti,RU,2022-04-05 02:29:51,66.9672,30.3491,24.3,95,100,13.29
409,Poya,NC,2022-04-05 02:29:51,-21.35,165.15,82.0,74,100,7.76
410,Ilulissat,GL,2022-04-05 02:29:52,69.2167,-51.1,28.42,74,55,3.44
411,Manaus,BR,2022-04-05 02:25:10,-3.1019,-60.025,79.3,89,0,4.61
412,Constitucion,CL,2022-04-05 02:29:53,-35.3333,-72.4167,55.89,63,0,9.44
413,Pochutla,MX,2022-04-05 02:29:53,15.7432,-96.4661,79.83,68,0,6.53
414,Tshane,BW,2022-04-05 02:29:54,-24.0196,21.8684,66.51,49,4,0.51
415,Amboise,FR,2022-04-05 02:29:54,47.4125,0.9827,45.14,85,100,10.36
416,Saryagash,KZ,2022-04-05 02:29:55,41.4511,69.1701,58.96,38,0,8.25
417,Oranjemund,NA,2022-04-05 02:29:55,-28.55,16.4333,58.68,85,0,4.38
418,Fort Nelson,CA,2022-04-05 02:29:55,58.8053,-122.7002,36.99,56,40,11.5
419,Koumac,NC,2022-04-05 02:29:56,-20.5667,164.2833,80.55,81,100,10.07
420,Warrington,GB,2022-04-05 02:29:56,53.3925,-2.5802,51.46,92,100,24.16
421,Katobu,ID,2022-04-05 02:29:57,-4.9408,122.5276,85.91,59,100,2.35
422,Panaba,MX,2022-04-05 02:29:58,21.2833,-88.2667,79.45,61,0,17.07
423,Rongcheng,CN,2022-04-05 02:29:58,30.634,117.8517,65.57,53,100,3.13
424,Conakry,GN,2022-04-05 02:29:41,9.538,-13.6773,76.91,77,99,6.04
425,Dauphin,CA,2022-04-05 02:29:59,51.1494,-100.0502,37.54,93,0,19.57
426,Lake Cowichan,CA,2022-04-05 02:29:59,48.825,-124.0546,42.58,98,93,15.39
427,Padang,ID,2022-04-05 02:30:00,-0.9492,100.3543,82.45,64,25,2.55
428,Sakaiminato,JP,2022-04-05 02:25:23,35.55,133.2333,60.73,12,75,2.3
429,Parabel,RU,2022-04-05 02:30:01,58.6978,81.4825,36.25,96,100,8.03
430,Cockburn Town,TC,2022-04-05 02:30:02,21.4612,-71.1419,77.9,81,0,16.08
431,Carora,VE,2022-04-05 02:30:03,10.1755,-70.0827,79.52,65,96,9.86
432,Kavieng,PG,2022-04-05 02:30:04,-2.5744,150.7967,83.35,75,100,9.75
433,Jabinyanah,TN,2022-04-05 02:30:05,35.035,10.9081,60.6,87,100,12.12
434,Coihaique,CL,2022-04-05 02:30:07,-45.5752,-72.0662,52.41,82,75,6.91
435,Luzhou,CN,2022-04-05 02:30:09,28.8724,105.4405,64.02,72,96,1.88
436,Adwa,ET,2022-04-05 02:30:10,14.1646,38.8955,63.01,34,32,4.72
437,Nador,MA,2022-04-05 02:30:10,35.174,-2.9287,55.65,88,75,23.02
438,Nuuk,GL,2022-04-05 02:30:11,64.1835,-51.7216,21.72,92,100,3.09
439,Gashua,NG,2022-04-05 02:30:12,12.871,11.0482,82.87,10,95,7.54
440,Santa,PH,2022-04-05 02:30:12,17.486,120.4348,83.01,89,50,6.58
441,Chojnice,PL,2022-04-05 02:30:13,53.6955,17.557,37.22,77,100,18.77
442,Vawkavysk,BY,2022-04-05 02:30:14,53.1561,24.4513,33.13,97,100,21.99
443,Saint Anthony,US,2022-04-05 02:30:15,45.0205,-93.218,40.71,77,0,11.5
444,Kirakira,SB,2022-04-05 02:30:16,-10.4544,161.9205,80.92,87,100,14.03
445,Miamisburg,US,2022-04-05 02:25:41,39.6428,-84.2866,53.26,71,0,8.05
446,Beyneu,KZ,2022-04-05 02:30:17,45.3167,55.2,48.22,66,6,14.0
447,Quesnel,CA,2022-04-05 02:30:18,52.9999,-122.5029,45.1,42,100,5.75
448,Houston,US,2022-04-05 02:27:06,29.7633,-95.3633,72.34,90,100,9.22
449,Epe,NG,2022-04-05 02:31:18,6.5841,3.9834,78.94,86,62,4.88
450,Port Hardy,CA,2022-04-05 02:30:31,50.6996,-127.4199,44.6,93,75,9.22
451,Iglino,RU,2022-04-05 02:31:20,54.8324,56.4126,35.69,95,99,17.49
452,Chicama,PE,2022-04-05 02:31:20,-7.8447,-79.1469,63.14,79,39,5.84
453,Mwinilunga,ZM,2022-04-05 02:31:21,-11.7358,24.4293,60.71,97,76,2.35
454,Whitley Bay,GB,2022-04-05 02:31:21,55.0397,-1.4471,50.81,98,100,2.3
455,Ballina,AU,2022-04-05 02:31:22,-28.8667,153.5667,83.79,73,1,10.36
456,Vega De Alatorre,MX,2022-04-05 02:31:22,20.0333,-96.6333,78.19,82,5,12.37
457,Kasempa,ZM,2022-04-05 02:31:23,-13.4584,25.8338,62.89,87,92,2.15
458,Marstal,DK,2022-04-05 02:31:23,54.8562,10.5173,39.11,72,14,27.94
459,Vila,PT,2022-04-05 02:31:24,42.0304,-8.1588,31.08,81,81,4.88
460,Isla Vista,US,2022-04-05 02:31:25,34.4133,-119.861,71.78,58,0,3.44
461,Tibati,CM,2022-04-05 02:31:25,6.4667,12.6333,68.52,84,87,1.54
462,Uaua,BR,2022-04-05 02:31:26,-9.8414,-39.4817,71.6,71,50,8.39
463,Salta,AR,2022-04-05 02:31:26,-24.7859,-65.4117,63.57,78,75,4.61
464,Sal Rei,CV,2022-04-05 02:31:26,16.1833,-22.9167,69.19,74,20,11.39
465,Przhevalskoye,RU,2022-04-05 02:31:27,55.5093,31.8482,30.49,89,100,13.35
466,Wiang Sa,TH,2022-04-05 02:31:27,8.6359,99.3666,75.56,94,100,1.36
467,Grindavik,IS,2022-04-05 02:31:28,63.8424,-22.4338,28.9,93,100,23.02
468,Baturaja,ID,2022-04-05 02:31:28,-4.1333,104.1667,82.9,76,56,1.43
469,Boyabat,TR,2022-04-05 02:31:29,41.4689,34.7667,47.43,82,100,2.37
470,Teguldet,RU,2022-04-05 02:31:29,57.3064,88.1667,37.33,96,100,7.67
471,Weligama,LK,2022-04-05 02:31:30,5.9667,80.4167,79.93,77,96,1.99
472,Kokkola,FI,2022-04-05 02:31:31,63.8385,23.1307,24.96,90,75,14.97
473,Hervey Bay,AU,2022-04-05 02:31:31,-25.2986,152.8535,83.01,63,0,8.99
474,Amnat Charoen,TH,2022-04-05 02:31:31,15.9167,104.75,78.87,57,15,16.67
475,San Rafael,AR,2022-04-05 02:31:32,-34.6177,-68.3301,60.84,32,0,8.1
476,Maarianhamina,AX,2022-04-05 02:31:32,60.0973,19.9348,30.06,86,100,21.85
477,Leninsk,RU,2022-04-05 02:31:33,48.7119,45.1994,37.56,73,100,6.76
478,Dunedin,NZ,2022-04-05 02:31:33,-45.8742,170.5036,61.81,89,100,5.99
479,Vao,NC,2022-04-05 02:31:34,-22.6667,167.4833,78.82,85,100,13.67
480,Rumoi,JP,2022-04-05 02:31:34,43.9344,141.6428,51.76,56,0,5.59
481,Abilene,US,2022-04-05 02:31:35,32.4487,-99.7331,65.08,88,100,5.75
482,Cidreira,BR,2022-04-05 02:31:35,-30.1811,-50.2056,68.32,87,64,7.56
483,Jawhar,SO,2022-04-05 02:31:36,2.7809,45.5005,76.15,86,8,6.38
484,Gillette,US,2022-04-05 02:30:08,44.2911,-105.5022,52.72,36,40,24.0
485,Bavly,RU,2022-04-05 02:31:37,54.393,53.2602,28.38,90,97,16.11
486,Guiyang,CN,2022-04-05 02:31:37,26.5833,106.7167,55.89,71,75,6.71
487,Aleksandrov Gay,RU,2022-04-05 02:31:37,50.147,48.5704,32.9,87,22,10.13
488,Broken Hill,AU,2022-04-05 02:31:38,-31.95,141.4333,78.51,27,0,3.44
489,Tutoia,BR,2022-04-05 02:31:39,-2.7619,-42.2744,75.36,95,100,5.93
490,Toledo,ES,2022-04-05 02:31:26,39.8333,-4.0,39.13,72,100,8.72
491,Road Town,VG,2022-04-05 02:31:39,18.4167,-64.6167,78.84,73,40,9.22
492,Carutapera,BR,2022-04-05 02:31:40,-1.195,-46.02,75.69,93,100,2.91
493,Sabha,LY,2022-04-05 02:31:40,27.0377,14.4283,79.47,6,0,8.81
494,Castro Daire,PT,2022-04-05 02:31:40,40.8984,-7.9338,34.41,68,64,6.76
495,Harper,LR,2022-04-05 02:32:41,4.375,-7.7169,80.02,87,100,7.58
496,Rodrigues Alves,BR,2022-04-05 02:32:41,-7.738,-72.6509,72.68,84,5,0.67
497,Yantarnyy,RU,2022-04-05 02:32:42,54.8717,19.9381,39.74,94,100,28.12
498,Verkhoyansk,RU,2022-04-05 02:32:42,67.5447,133.385,5.83,80,89,3.49
499,Bathsheba,BB,2022-04-05 02:32:43,13.2167,-59.5167,79.41,69,40,18.41
500,Sampit,ID,2022-04-05 02:32:43,-2.5333,112.95,84.52,75,76,2.04
501,Belmonte,BR,2022-04-05 02:32:44,-15.8631,-38.8828,78.12,80,43,5.12
502,Haapiti,PF,2022-04-05 02:32:44,-17.5667,-149.8667,87.53,73,12,14.83
503,Winnemucca,US,2022-04-05 02:30:23,40.973,-117.7357,60.85,39,100,23.02
504,Buritis,BR,2022-04-05 02:32:45,-15.6178,-46.4233,68.74,60,0,1.32
505,Homer,US,2022-04-05 02:30:13,59.6425,-151.5483,37.27,79,100,11.01
506,Baldeogarh,IN,2022-04-05 02:32:46,24.755,79.0681,90.88,8,0,5.75
507,Canatlan,MX,2022-04-05 02:32:47,24.5167,-104.7833,56.43,33,91,7.78
508,Maiduguri,NG,2022-04-05 02:32:48,11.8464,13.1603,81.3,11,88,5.19
509,Vestmanna,FO,2022-04-05 02:32:49,62.1564,-7.1664,29.32,80,100,5.75
510,Togur,RU,2022-04-05 02:32:51,58.3631,82.8265,34.95,98,100,8.68
511,Ust-Nera,RU,2022-04-05 02:32:51,64.5667,143.2,11.25,86,94,6.53
512,Andros Town,BS,2022-04-05 02:32:52,24.7,-77.7667,76.96,78,0,12.62
513,Henties Bay,NA,2022-04-05 02:32:52,-22.116,14.2845,60.12,86,0,6.06
514,Whangamata,NZ,2022-04-05 02:32:53,-37.2,175.8667,71.02,71,100,9.26
515,Anori,BR,2022-04-05 02:32:53,-3.7728,-61.6442,73.51,99,100,3.78
516,Axim,GH,2022-04-05 02:32:54,4.8699,-2.2405,80.02,86,100,7.43
517,Necochea,AR,2022-04-05 02:32:55,-38.5473,-58.7368,52.32,69,56,9.64
518,Maniitsoq,GL,2022-04-05 02:32:55,65.4167,-52.9,24.04,84,61,3.6
519,Zaraza,VE,2022-04-05 02:32:56,9.3503,-65.3245,79.39,67,44,8.52
520,Fare,PF,2022-04-05 02:32:56,-16.7,-151.0167,82.92,74,70,17.34
521,Hobyo,SO,2022-04-05 02:32:57,5.3505,48.5268,80.4,75,6,9.06
522,Katherine,AU,2022-04-05 02:32:58,-14.4667,132.2667,91.72,49,40,9.22
523,Kostino,RU,2022-04-05 02:32:58,58.9097,53.2691,22.68,95,100,9.95
524,Sao Miguel Do Araguaia,BR,2022-04-05 02:32:59,-13.275,-50.1628,73.83,77,24,1.3
525,Beringovskiy,RU,2022-04-05 02:32:59,63.05,179.3167,-0.71,82,59,16.62
526,Guanare,VE,2022-04-05 02:33:00,9.0418,-69.7421,89.62,51,100,2.3
527,Flin Flon,CA,2022-04-05 02:33:00,54.7682,-101.865,28.94,88,65,13.87
528,Haines Junction,CA,2022-04-05 02:33:01,60.7522,-137.5108,37.35,44,27,11.5
529,Goundi,TD,2022-04-05 02:33:01,9.3627,17.366,83.23,49,85,6.44
530,Richards Bay,ZA,2022-04-05 02:33:02,-28.783,32.0377,68.9,85,3,6.53
531,Chokurdakh,RU,2022-04-05 02:33:02,70.6333,147.9167,-5.91,91,15,10.07
532,Launceston,AU,2022-04-05 02:33:03,-41.45,147.1667,66.79,62,40,14.97
533,Kapoeta,SS,2022-04-05 02:33:03,4.7717,33.5903,80.29,49,80,5.68
534,Indian Head,US,2022-04-05 02:33:04,38.6001,-77.1622,53.49,53,100,8.05
535,Madimba,TZ,2022-04-05 02:33:04,-10.4,40.3333,75.13,90,5,4.14
536,Gogrial,SS,2022-04-05 02:33:05,8.5332,28.1004,81.41,50,14,5.26
537,Jumla,NP,2022-04-05 02:33:05,29.2747,82.1838,64.49,20,4,1.99
538,Pacific Grove,US,2022-04-05 02:33:06,36.6177,-121.9166,65.55,86,75,6.91
539,Saverne,FR,2022-04-05 02:33:06,48.8333,7.25,43.34,91,100,17.27
540,Ayni,TJ,2022-04-05 02:33:07,39.3941,68.5377,54.5,30,0,6.11
541,Maceio,BR,2022-04-05 02:33:07,-9.6658,-35.7353,76.44,83,20,3.44
542,Pekan,MY,2022-04-05 02:34:08,3.4836,103.3996,75.31,76,99,5.55
543,Pinsk,BY,2022-04-05 02:34:08,52.1229,26.0951,31.78,94,100,19.48
544,Bisho,ZA,2022-04-05 02:34:09,-32.8472,27.4422,54.82,90,0,3.87
545,Thompson,CA,2022-04-05 02:34:09,55.7435,-97.8558,35.76,51,0,3.44
546,Estevan,CA,2022-04-05 02:34:10,49.1334,-102.9842,52.14,46,75,12.57
547,Gornopravdinsk,RU,2022-04-05 02:34:10,60.05,69.9,35.76,100,100,5.95
548,Zheleznodorozhnyy,RU,2022-04-05 02:34:11,55.7503,38.0042,32.41,93,23,7.07
549,Ossora,RU,2022-04-05 02:34:11,59.2353,163.0719,24.82,72,24,2.55
550,Semey,KZ,2022-04-05 02:34:12,50.4111,80.2275,39.42,81,0,8.95
551,Sullana,PE,2022-04-05 02:34:12,-4.9039,-80.6853,76.19,64,86,9.01
552,Saint-Pierre,RE,2022-04-05 02:34:13,-21.3393,55.4781,75.29,83,75,4.61
553,Biltine,TD,2022-04-05 02:34:14,14.5333,20.9167,82.18,11,10,8.93
554,Knysna,ZA,2022-04-05 02:34:14,-34.0363,23.0471,60.06,88,9,4.34
555,Aktau,KZ,2022-04-05 02:34:15,43.65,51.2,41.58,78,35,6.87
556,Vanimo,PG,2022-04-05 02:34:15,-2.6741,141.3028,85.35,65,99,1.97
557,Severobaykalsk,RU,2022-04-05 02:30:10,55.65,109.3167,15.01,80,28,1.57
558,Roebourne,AU,2022-04-05 02:34:16,-20.7833,117.1333,94.24,33,0,1.74
559,Marion,US,2022-04-05 02:34:17,39.7684,-86.1555,53.98,73,40,12.66
560,Chissamba,AO,2022-04-05 02:34:17,-12.1667,17.3333,60.67,97,59,1.99
561,Johi,PK,2022-04-05 02:34:18,26.6921,67.6133,89.26,20,7,5.23
562,Gumia,IN,2022-04-05 02:34:18,23.7833,85.8167,92.08,9,1,4.09
